"category","subcategory","ID","Description","GeneRatio","BgRatio","RichFactor","FoldEnrichment","zScore","pvalue","p.adjust","qvalue","geneID","Count"
"Organismal Systems","Immune system","hsa04613","Neutrophil extracellular trap formation","15/185","193/8859",0.077720207253886,3.72174765439014,5.58291688947924,1.15998521523468e-05,0.00288836318593435,0.00258859858557633,"8337/8367/566/8363/23569/8338/4353/7099/3013/1536/5582/2209/64581/1378/8347",15
"Environmental Information Processing","Signal transduction","hsa04151","PI3K-Akt signaling pathway","18/185","362/8859",0.0497237569060773,2.38109601314021,3.91822472663205,0.000547984437162637,0.0426028394955505,0.0381813653479464,"1440/3655/8817/6696/7059/2250/3082/1441/90993/7099/1950/2252/9048/627/56034/1942/131873/3815",18
"Human Diseases","Substance dependence","hsa05031","Amphetamine addiction","7/185","69/8859",0.101449275362319,4.85804935370153,4.69831228769974,0.000559334154002857,0.0426028394955505,0.0381813653479464,"23237/2354/775/90993/815/5582/6571",7
"Human Diseases","Cancer: specific types","hsa05218","Melanoma","7/185","73/8859",0.0958904109589041,4.5918548685672,4.50016672657253,0.000787586829530214,0.0426028394955505,0.0381813653479464,"8817/4286/2250/3082/1950/2252/56034",7
"Environmental Information Processing","Signal transduction","hsa04020","Calcium signaling pathway","14/185","254/8859",0.0551181102362205,2.63941264098744,3.87145034783584,0.00085547870472993,0.0426028394955505,0.0381813653479464,"8817/89832/775/2250/552/3082/1950/9127/2252/815/5582/56034/57105/1139",14
"Organismal Systems","Immune system","hsa04640","Hematopoietic cell lineage","8/185","100/8859",0.08,3.83091891891892,4.15761394904045,0.00112471850713059,0.0466758180459196,0.0418316357038045,"1440/3655/3568/1441/1438/2209/1378/3815",8
"Environmental Information Processing","Signal transduction","hsa04014","Ras signaling pathway","13/185","238/8859",0.0546218487394958,2.61564842153077,3.68978031780138,0.00141795626117798,0.0496456178057558,0.0444932190861138,"56924/106821730/8817/2250/3082/1950/5319/2252/5582/627/56034/1942/3815",13
"Metabolism","Lipid metabolism","hsa00590","Arachidonic acid metabolism","6/185","62/8859",0.0967741935483871,4.63417611159547,4.19351799864907,0.00178187030918787,0.0496456178057558,0.0444932190861138,"8529/5319/11283/2687/1558/8644",6
"Cellular Processes","Transport and catabolism","hsa04145","Phagosome","10/185","159/8859",0.0628930817610063,3.01172870984192,3.7381122890464,0.00179441992068997,0.0496456178057558,0.0444932190861138,"7059/4353/7099/22925/1536/7280/2209/7846/64581/338382",10
"Organismal Systems","Nervous system","hsa04725","Cholinergic synapse","8/185","116/8859",0.0689655172413793,3.30251630941286,3.64540230465591,0.00289576321332108,0.0721045040116949,0.0646212422341125,"3763/89832/775/1132/90993/815/5582/1139",8
"Human Diseases","Infectious disease: parasitic","hsa05144","Malaria","5/185","50/8859",0.1,4.78864864864865,3.92328648338752,0.00372438903154322,0.0837839443937528,0.0750885487697129,"1440/7059/3082/7099/1378",5
"Environmental Information Processing","Signal transduction","hsa04010","MAPK signaling pathway","14/185","300/8859",0.0466666666666667,2.2347027027027,3.17728012598366,0.00403778045271098,0.0837839443937528,0.0750885487697129,"8817/775/3304/1843/2250/3082/1950/2252/9048/5582/627/56034/1942/3815",14
"Environmental Information Processing","Signal transduction","hsa04015","Rap1 signaling pathway","11/185","212/8859",0.0518867924528302,2.48467618561958,3.19529482987702,0.00482154048429522,0.0923510446607315,0.0827665249125981,"3397/8817/2250/3082/1950/5028/2252/5582/56034/1942/3815",11
"Human Diseases","Cancer: overview","hsa05207","Chemical carcinogenesis - receptor activation","11/185","215/8859",0.0511627906976744,2.45000628535512,3.1432268736016,0.00535277796117396,0.0945182981377267,0.0847088531185714,"8817/89832/775/2250/9314/90993/182/1950/2252/5582/1139",11
"Human Diseases","Substance dependence","hsa05034","Alcoholism","10/185","188/8859",0.0531914893617021,2.54715353651524,3.13127881086909,0.00597401075846822,0.0945182981377267,0.0847088531185714,"8337/8367/2354/8363/8338/90993/3013/627/6571/8347",10
"Human Diseases","Infectious disease: bacterial","hsa05134","Legionellosis","5/185","56/8859",0.0892857142857143,4.27557915057915,3.59096154167553,0.00607346494057682,0.0945182981377267,0.0847088531185714,"3304/2920/7099/1378/2921",5
"Environmental Information Processing","Signal transduction","hsa04066","HIF-1 signaling pathway","7/185","109/8859",0.0642201834862385,3.07527894867344,3.18368210551454,0.00769684633877547,0.112736161079711,0.101036001474947,"5054/4055/7099/1950/1536/815/5582",7
"Environmental Information Processing","Signal transduction","hsa04012","ErbB signaling pathway","6/185","86/8859",0.0697674418604651,3.34091766184789,3.18570305899489,0.00903970494037571,0.125049251675197,0.112071195752026,"56924/106821730/1950/815/5582/145957",6
"Cellular Processes","Cellular community - eukaryotes","hsa04510","Focal adhesion","10/185","203/8859",0.0492610837438424,2.35894022100919,2.8604459186164,0.0100379122421584,0.131549481489339,0.11789680860596,"56924/106821730/3655/6696/7059/3082/1950/5582/56034/131873",10
"Organismal Systems","Nervous system","hsa04724","Glutamatergic synapse","7/185","116/8859",0.0603448275862069,2.88970177073625,2.99182384159133,0.0106711713981992,0.131616225714747,0.117956625878362,"775/9454/9229/22941/2901/5582/85358",7
"Metabolism","Amino acid metabolism","hsa00380","Tryptophan metabolism","4/185","42/8859",0.0952380952380952,4.56061776061776,3.3777972040361,0.0111001636144968,0.131616225714747,0.117956625878362,"51166/23498/26/8942",4
"Cellular Processes","Cellular community - eukaryotes","hsa04540","Gap junction","6/185","92/8859",0.0652173913043478,3.12303172737955,2.98929577384569,0.0123805788295073,0.140125642206696,0.125582904873471,"1950/2983/5582/7280/7846/56034",6
"Human Diseases","Cancer: specific types","hsa05221","Acute myeloid leukemia","5/185","68/8859",0.0735294117647059,3.52106518282989,3.0476380295383,0.0135732220375546,0.146944882058743,0.131694419769408,"1050/8864/4353/2209/3815",5
"Organismal Systems","Environmental adaptation","hsa04713","Circadian entrainment","6/185","97/8859",0.0618556701030928,2.96205071050432,2.83751694554942,0.0157618766794717,0.163529470549519,0.14655780070386,"3763/775/8864/2983/815/5582",6
"Organismal Systems","Endocrine system","hsa04925","Aldosterone synthesis and secretion","6/185","98/8859",0.0612244897959184,2.93182570325427,2.80832994656573,0.0165077805423436,0.164417494201743,0.147353662104288,"775/90993/815/5582/481/6770",6
"Human Diseases","Substance dependence","hsa05030","Cocaine addiction","4/185","49/8859",0.0816326530612245,3.90910093767237,2.9820359128926,0.0187802448326103,0.174218020129737,0.156137054607923,"2354/90993/627/6571",4
"Organismal Systems","Endocrine system","hsa04916","Melanogenesis","6/185","101/8859",0.0594059405940594,2.84474177147444,2.72293824324535,0.0188911106164775,0.174218020129737,0.156137054607923,"4286/90993/815/5582/8324/3815",6
"Human Diseases","Immune disease","hsa05322","Systemic lupus erythematosus","7/185","141/8859",0.049645390070922,2.37734330074756,2.40761654025099,0.0281333007305166,0.250185424353523,0.224220291536448,"8337/8367/8363/8338/3013/2209/8347",7
"Organismal Systems","Nervous system","hsa04726","Serotonergic synapse","6/185","115/8859",0.0521739130434783,2.49842538190364,2.36196229192369,0.0331222693429287,0.270605079720453,0.242520722471934,"3763/775/1843/5582/6571/1558",6
"Organismal Systems","Environmental adaptation","hsa04710","Circadian rhythm","3/185","34/8859",0.0882352941176471,4.22527821939587,2.75165054578104,0.0333762569203417,0.270605079720453,0.242520722471934,"8864/102800317/79365",3
"Organismal Systems","Endocrine system","hsa04911","Insulin secretion","5/185","86/8859",0.0581395348837209,2.78409805153991,2.42793956958355,0.0336897890415021,0.270605079720453,0.242520722471934,"775/90993/815/5582/481",5
"Human Diseases","Cancer: specific types","hsa05224","Breast cancer","7/185","148/8859",0.0472972972972973,2.26490138787436,2.26619623240651,0.0352924957873438,0.274619732845269,0.246118720622266,"8817/2250/182/1950/2252/8324/3815",7
"Human Diseases","Cancer: specific types","hsa05226","Gastric cancer","7/185","150/8859",0.0466666666666667,2.2347027027027,2.2272444033963,0.0375410425796074,0.283264230373401,0.253866061463374,"8817/2250/3082/1950/6469/2252/8324",7
"Organismal Systems","Development and regeneration","hsa04360","Axon guidance","8/185","184/8859",0.0434782608695652,2.08202115158637,2.16597736376247,0.0388564824068193,0.284566591744059,0.255033259140734,"219699/56924/106821730/57556/91653/6469/815/1942",8
"Environmental Information Processing","Signaling molecules and interaction","hsa04080","Neuroactive ligand-receptor interaction","13/185","368/8859",0.0353260869565217,1.69164218566392,1.97911010713196,0.0443404290420289,0.315450480899005,0.2827119084785,"89832/151/1132/552/150/53829/5028/9127/2901/57105/1139/133/2862",13
"Organismal Systems","Endocrine system","hsa04929","GnRH secretion","4/185","65/8859",0.0615384615384615,2.94686070686071,2.30060638547854,0.0465320728471881,0.321846837193051,0.288444428175552,"3763/6696/775/5582",4
"Organismal Systems","Immune system","hsa04657","IL-17 signaling pathway","5/185","95/8859",0.0526315789473684,2.5203413940256,2.17568356733799,0.0483679972688892,0.32550354918793,0.29172163359899,"1440/2354/2920/2921/6280",5
"Cellular Processes","Cell motility","hsa04810","Regulation of actin cytoskeleton","9/185","230/8859",0.0391304347826087,1.87381903642773,1.96087169924075,0.05167122027323,0.332452153098069,0.297949086691146,"56924/106821730/3655/8817/2250/1132/1950/2252/56034",9
"Organismal Systems","Digestive system","hsa04970","Salivary secretion","5/185","97/8859",0.0515463917525773,2.46837559208693,2.1235641885662,0.0520708191599385,0.332452153098069,0.297949086691146,"4069/1471/2983/5582/481",5
"Organismal Systems","Nervous system","hsa04728","Dopaminergic synapse","6/185","132/8859",0.0454545454545455,2.17665847665848,1.98906464818247,0.0579836382335614,0.36094814800392,0.323487665934606,"3763/775/90993/815/5582/6571",6
"Organismal Systems","Circulatory system","hsa04270","Vascular smooth muscle contraction","6/185","134/8859",0.0447761194029851,2.14417103670835,1.9489676232713,0.0614860147689665,0.373415065304211,0.334660722234169,"775/552/5319/2983/5582/133",6
"Human Diseases","Infectious disease: parasitic","hsa05146","Amoebiasis","5/185","103/8859",0.0485436893203883,2.32458672264498,1.97464998670066,0.0641484568823281,0.380308708659517,0.340838918773272,"2920/7099/5582/338382/2921",5
"Human Diseases","Cancer: specific types","hsa05223","Non-small cell lung cancer","4/185","73/8859",0.0547945205479452,2.62391706775268,2.03457484292204,0.065952300685712,0.381909834203309,0.34227387381569,"2272/3082/1950/5582",4
"Cellular Processes","Cell growth and death","hsa04115","p53 signaling pathway","4/185","75/8859",0.0533333333333333,2.55394594594595,1.97362377958682,0.0713751029018025,0.403918195967019,0.361998129549812,"5054/575/9540/25946",4
"Human Diseases","Infectious disease: parasitic","hsa05140","Leishmaniasis","4/185","79/8859",0.0506329113924051,2.42463222716387,1.85743252215528,0.0828809867487803,0.458608126676584,0.411012144812665,"7099/1536/2209/1378",4
"Human Diseases","Drug resistance: antineoplastic","hsa01521","EGFR tyrosine kinase inhibitor resistance","4/185","80/8859",0.05,2.39432432432432,1.82949095239866,0.0858921876135118,0.458993820781841,0.41135781021243,"3082/1950/5582/56034",4
"Human Diseases","Infectious disease: bacterial","hsa05152","Tuberculosis","7/185","182/8859",0.0384615384615385,1.84178794178794,1.67570509033616,0.0866373878584199,0.458993820781841,0.41135781021243,"7099/2207/22925/815/2209/64581/1378",7
"Environmental Information Processing","Signal transduction","hsa04072","Phospholipase D signaling pathway","6/185","149/8859",0.0402684563758389,1.92831489207328,1.6688733035997,0.0916709888078176,0.475543254440554,0.426189684808275,"552/1950/2207/56034/1759/3815",6
"Environmental Information Processing","Signaling molecules and interaction","hsa04060","Cytokine-cytokine receptor interaction","10/185","298/8859",0.0335570469798658,1.60692907672773,1.55642364857785,0.094249718621082,0.478942447686723,0.429236097694294,"1440/8793/4055/2920/3568/1441/1438/2921/9173/9966",10
"Organismal Systems","Excretory system","hsa04961","Endocrine and other factor-regulated calcium reabsorption","3/185","53/8859",0.0566037735849057,2.71055583885773,1.8240210385192,0.0984725008242977,0.490393054105003,0.439498319468445,"5582/481/1759",3
"Environmental Information Processing","Signal transduction","hsa04340","Hedgehog signaling pathway","3/185","56/8859",0.0535714285714286,2.56534749034749,1.71606374897163,0.11149867061681,0.532806486374892,0.477509934946003,"91653/102800317/6469",3
"Organismal Systems","Immune system","hsa04610","Complement and coagulation cascades","4/185","88/8859",0.0454545454545455,2.17665847665848,1.61998577728566,0.111831739179478,0.532806486374892,0.477509934946003,"5054/11326/1675/1378",4
"Environmental Information Processing","Signaling molecules and interaction","hsa04512","ECM-receptor interaction","4/185","89/8859",0.0449438202247191,2.15220163984209,1.59539302462846,0.115295610053249,0.532806486374892,0.477509934946003,"3655/6696/7059/131873",4
"Cellular Processes","Cell growth and death","hsa04217","Necroptosis","6/185","159/8859",0.0377358490566038,1.80703722590515,1.49960367773,0.115548394635519,0.532806486374892,0.477509934946003,"8337/8338/7099/3013/1536/815",6
"Cellular Processes","Cell motility","hsa04814","Motor proteins","7/185","197/8859",0.0355329949238579,1.70155028124571,1.45420897183186,0.118316247033748,0.535649918389148,0.480058265476641,"3801/283446/7136/7280/7846/63971/55083",7
"Metabolism","Lipid metabolism","hsa00591","Linoleic acid metabolism","2/185","30/8859",0.0666666666666667,3.19243243243243,1.75660890538932,0.129124569245441,0.574143173966335,0.514556554135967,"5319/1558",2
"Environmental Information Processing","Signal transduction","hsa04022","cGMP-PKG signaling pathway","6/185","166/8859",0.036144578313253,1.73083686095734,1.38814118978415,0.133953758210481,0.585166417445787,0.524435766216474,"151/775/150/90993/2983/481",6
"Metabolism","Global and overview maps","hsa01210","2-Oxocarboxylic acid metabolism","2/185","33/8859",0.0606060606060606,2.9022113022113,1.59873969959327,0.150659912323979,0.635399464502281,0.569455449057213,"51166/2875",2
"Organismal Systems","Endocrine system","hsa04927","Cortisol synthesis and secretion","3/185","65/8859",0.0461538461538462,2.21014553014553,1.43002964937353,0.154087802268673,0.635399464502281,0.569455449057213,"775/90993/6770",3
"Environmental Information Processing","Signaling molecules and interaction","hsa04061","Viral protein interaction with cytokine and cytokine receptor","4/185","100/8859",0.04,1.91545945945946,1.3444846452484,0.15631778636114,0.635399464502281,0.569455449057213,"8793/4055/2920/2921",4
"Environmental Information Processing","Signal transduction","hsa04310","Wnt signaling pathway","6/185","174/8859",0.0344827586206897,1.65125815470643,1.26702994861406,0.156579857198064,0.635399464502281,0.569455449057213,"6424/102800317/8840/815/5582/8324",6
"Organismal Systems","Nervous system","hsa04720","Long-term potentiation","3/185","67/8859",0.0447761194029851,2.14417103670835,1.3728671231593,0.164168888349774,0.635399464502281,0.569455449057213,"775/815/5582",3
"Human Diseases","Infectious disease: bacterial","hsa05150","Staphylococcus aureus infection","4/185","102/8859",0.0392156862745098,1.87790143084261,1.3023033602876,0.16430172716769,0.635399464502281,0.569455449057213,"2209/1675/3868/3872",4
"Organismal Systems","Endocrine system","hsa04915","Estrogen signaling pathway","5/185","139/8859",0.0359712230215827,1.72253548512541,1.25386948124962,0.165319359629625,0.635399464502281,0.569455449057213,"3763/3304/90993/3868/3872",5
"Human Diseases","Cardiovascular disease","hsa05417","Lipid and atherosclerosis","7/185","216/8859",0.0324074074074074,1.55187687687688,1.1991701523102,0.165867330090957,0.635399464502281,0.569455449057213,"3304/2920/7099/1536/815/1558/2921",7
"Environmental Information Processing","Signal transduction","hsa04064","NF-kappa B signaling pathway","4/185","105/8859",0.0380952380952381,1.8242471042471,1.24077433515179,0.176546344199998,0.65781447073511,0.589544146251716,"4055/2920/7099/2921",4
"Organismal Systems","Development and regeneration","hsa04380","Osteoclast differentiation","5/185","143/8859",0.034965034965035,1.67435267435267,1.18724537214349,0.179201738280846,0.65781447073511,0.589544146251716,"4286/2354/7305/10990/2209",5
"Human Diseases","Cancer: specific types","hsa05211","Renal cell carcinoma","3/185","70/8859",0.0428571428571429,2.05227799227799,1.29078457987506,0.17964411248991,0.65781447073511,0.589544146251716,"56924/106821730/3082",3
"Organismal Systems","Excretory system","hsa04960","Aldosterone-regulated sodium reabsorption","2/185","38/8859",0.0526315789473684,2.5203413940256,1.37157007363568,0.187908434484553,0.678104350531214,0.607728270186503,"5582/481",2
"Environmental Information Processing","Signal transduction","hsa04024","cAMP signaling pathway","7/185","226/8859",0.0309734513274336,1.483209758431,1.07461534717262,0.193862114672638,0.689595236478383,0.61802659113683,"775/56670/338442/90993/815/481/627",7
"Organismal Systems","Endocrine system","hsa04918","Thyroid hormone synthesis","3/185","75/8859",0.04,1.91545945945946,1.16269974715049,0.20625403295135,0.712281846462732,0.638358704079895,"90993/5582/481",3
"Human Diseases","Substance dependence","hsa05033","Nicotine addiction","2/185","41/8859",0.048780487804878,2.33592617007251,1.25208361381093,0.210821262725907,0.712281846462732,0.638358704079895,"89832/1139",2
"Organismal Systems","Digestive system","hsa04971","Gastric acid secretion","3/185","76/8859",0.0394736842105263,1.8902560455192,1.13826735218245,0.211682155173663,0.712281846462732,0.638358704079895,"815/5582/481",3
"Human Diseases","Cancer: specific types","hsa05214","Glioma","3/185","76/8859",0.0394736842105263,1.8902560455192,1.13826735218245,0.211682155173663,0.712281846462732,0.638358704079895,"1950/815/5582",3
"Human Diseases","Cancer: overview","hsa05202","Transcriptional misregulation in cancer","6/185","193/8859",0.0310880829015544,1.48869906175606,1.00243174320357,0.21626507826657,0.718000059845012,0.643483460947548,"4286/1050/8864/4613/4353/2209",6
"Organismal Systems","Endocrine system","hsa04921","Oxytocin signaling pathway","5/185","155/8859",0.032258064516129,1.54472537053182,0.999143814626986,0.223251163665824,0.721942074711561,0.647016359496305,"3763/775/2983/815/5582",5
"Human Diseases","Endocrine and metabolic disease","hsa04934","Cushing syndrome","5/185","155/8859",0.032258064516129,1.54472537053182,0.999143814626986,0.223251163665824,0.721942074711561,0.647016359496305,"775/90993/815/8324/6770",5
"Environmental Information Processing","Signaling molecules and interaction","hsa04514","Cell adhesion molecules","5/185","158/8859",0.0316455696202532,1.51539514197742,0.954615041448094,0.234749686655235,0.744683168866695,0.667397302049205,"3655/5819/9379/6614/8174",5
"Environmental Information Processing","Signal transduction","hsa04668","TNF signaling pathway","4/185","119/8859",0.0336134453781513,1.60962979786509,0.977750269241605,0.237274087510877,0.744683168866695,0.667397302049205,"2920/90993/182/2921",4
"Metabolism","Xenobiotics biodegradation and metabolism","hsa00983","Drug metabolism - other enzymes","3/185","81/8859",0.037037037037037,1.77357357357357,1.02138703219749,0.239255636583677,0.744683168866695,0.667397302049205,"4353/4833/978",3
"Human Diseases","Cancer: overview","hsa05205","Proteoglycans in cancer","6/185","204/8859",0.0294117647058824,1.40842607313196,0.861864514104694,0.253929932783487,0.777273016921521,0.69660485980707,"3082/7099/6469/815/5582/8324",6
"Metabolism","Glycan biosynthesis and metabolism","hsa00533","Glycosaminoglycan biosynthesis - keratan sulfate","1/185","14/8859",0.0714285714285714,3.42046332046332,1.32360255932712,0.255969427259296,0.777273016921521,0.69660485980707,"93010",1
"Organismal Systems","Sensory system","hsa04742","Taste transduction","3/185","86/8859",0.0348837209302326,1.67045883092395,0.912412590760887,0.267394969089889,0.789222332037293,0.707314032517041,"775/29850/5028",3
"Environmental Information Processing","Signal transduction","hsa04630","JAK-STAT signaling pathway","5/185","168/8859",0.0297619047619048,1.42519305019305,0.812549666718794,0.274182605070425,0.789222332037293,0.707314032517041,"1440/3568/1441/1950/1438",5
"Metabolism","Nucleotide metabolism","hsa00230","Purine metabolism","4/185","128/8859",0.03125,1.4964527027027,0.826218401494761,0.278622696763345,0.789222332037293,0.707314032517041,"2272/4833/2983/3000",4
"Metabolism","Lipid metabolism","hsa00565","Ether lipid metabolism","2/185","50/8859",0.04,1.91545945945946,0.947992293945656,0.280655229160353,0.789222332037293,0.707314032517041,"54947/5319",2
"Organismal Systems","Immune system","hsa04672","Intestinal immune network for IgA production","2/185","50/8859",0.04,1.91545945945946,0.947992293945656,0.280655229160353,0.789222332037293,0.707314032517041,"4055/8174",2
"Organismal Systems","Nervous system","hsa04727","GABAergic synapse","3/185","89/8859",0.0337078651685393,1.61415122988157,0.850382914187077,0.284466044323567,0.789222332037293,0.707314032517041,"3763/775/5582",3
"Metabolism","Glycan biosynthesis and metabolism","hsa00603","Glycosphingolipid biosynthesis - globo and isoglobo series","1/185","16/8859",0.0625,2.99290540540541,1.1651741934326,0.286769606458268,0.789222332037293,0.707314032517041,"26301",1
"Organismal Systems","Endocrine system","hsa04913","Ovarian steroidogenesis","2/185","51/8859",0.0392156862745098,1.87790143084261,0.918197667505574,0.288430651467444,0.789222332037293,0.707314032517041,"6770/8644",2
"Organismal Systems","Digestive system","hsa04979","Cholesterol metabolism","2/185","51/8859",0.0392156862745098,1.87790143084261,0.918197667505574,0.288430651467444,0.789222332037293,0.707314032517041,"29116/6770",2
"Organismal Systems","Digestive system","hsa04973","Carbohydrate digestion and absorption","2/185","52/8859",0.0384615384615385,1.84178794178794,0.889066747622533,0.296196804708434,0.791785167854963,0.709610888121971,"8972/481",2
"Metabolism","Metabolism of other amino acids","hsa00430","Taurine and hypotaurine metabolism","1/185","17/8859",0.0588235294117647,2.81685214626391,1.09499663595252,0.301690744398472,0.791785167854963,0.709610888121971,"2687",1
"Metabolism","Metabolism of other amino acids","hsa00450","Selenocompound metabolism","1/185","17/8859",0.0588235294117647,2.81685214626391,1.09499663595252,0.301690744398472,0.791785167854963,0.709610888121971,"114112",1
"Environmental Information Processing","Signal transduction","hsa04068","FoxO signaling pathway","4/185","133/8859",0.0300751879699248,1.44019508230035,0.746977285746502,0.302086710627396,0.791785167854963,0.709610888121971,"9454/102800317/1950/10769",4
"Human Diseases","Neurodegenerative disease","hsa05022","Pathways of neurodegeneration - multiple diseases","12/185","483/8859",0.0248447204968944,1.18972637233507,0.626219990370838,0.308868554419793,0.800110087768962,0.717071818249926,"89832/775/5413/102800317/1536/815/5582/7280/8324/7846/627/1139",12
"Metabolism","Lipid metabolism","hsa00600","Sphingolipid metabolism","2/185","54/8859",0.037037037037037,1.77357357357357,0.832679395418331,0.311689471942126,0.800110087768962,0.717071818249926,"55304/129807",2
"Metabolism","Glycan biosynthesis and metabolism","hsa00511","Other glycan degradation","1/185","18/8859",0.0555555555555556,2.66036036036036,1.02975025214219,0.31630137686695,0.801932951263007,0.718705498489781,"129807",1
"Human Diseases","Immune disease","hsa05323","Rheumatoid arthritis","3/185","95/8859",0.0315789473684211,1.51220483641536,0.732990399445231,0.318840811947943,0.801932951263007,0.718705498489781,"2920/7099/2921",3
"Human Diseases","Cancer: specific types","hsa05215","Prostate cancer","3/185","98/8859",0.0306122448979592,1.46591285162714,0.677305934748765,0.336069329842867,0.833102511866399,0.746640171277432,"90993/1950/56034",3
"Human Diseases","Cancer: overview","hsa05231","Choline metabolism in cancer","3/185","99/8859",0.0303030303030303,1.45110565110565,0.65915538607317,0.341809552802322,0.833102511866399,0.746640171277432,"1950/5582/56034",3
"Metabolism","Nucleotide metabolism","hsa00240","Pyrimidine metabolism","2/185","58/8859",0.0344827586206897,1.65125815470643,0.72668325677645,0.34244034942542,0.833102511866399,0.746640171277432,"4833/978",2
"Metabolism","Metabolism of cofactors and vitamins","hsa00785","Lipoic acid metabolism","1/185","20/8859",0.05,2.39432432432432,0.911635498443048,0.344616701695739,0.833102511866399,0.746640171277432,"116285",1
NA,NA,"hsa04820","Cytoskeleton in muscle cells","6/185","232/8859",0.0258620689655172,1.23844361602982,0.537457077221202,0.356106305227816,0.848163640014318,0.760138201999727,"3655/2201/7059/7136/481/131873",6
"Organismal Systems","Nervous system","hsa04730","Long-term depression","2/185","60/8859",0.0333333333333333,1.59621621621622,0.676716465526966,0.357659366271098,0.848163640014318,0.760138201999727,"2983/5582",2
"Metabolism","Amino acid metabolism","hsa00340","Histidine metabolism","1/185","22/8859",0.0454545454545455,2.17665847665848,0.806962464172938,0.37176542652303,0.848180671471856,0.76015346587205,"26",1
"Environmental Information Processing","Signal transduction","hsa04330","Notch signaling pathway","2/185","62/8859",0.032258064516129,1.54472537053182,0.628564927923409,0.372750857065312,0.848180671471856,0.76015346587205,"441478/182",2
"Organismal Systems","Digestive system","hsa04974","Protein digestion and absorption","3/185","105/8859",0.0285714285714286,1.36818532818533,0.554245084317381,0.376139382553977,0.848180671471856,0.76015346587205,"7373/481/131873",3
"Metabolism","Amino acid metabolism","hsa00310","Lysine degradation","2/185","63/8859",0.0317460317460317,1.52020592020592,0.605127581024393,0.380243898553575,0.848180671471856,0.76015346587205,"51166/11105",2
"Human Diseases","Cancer: specific types","hsa05217","Basal cell carcinoma","2/185","63/8859",0.0317460317460317,1.52020592020592,0.605127581024393,0.380243898553575,0.848180671471856,0.76015346587205,"6469/8324",2
"Organismal Systems","Digestive system","hsa04972","Pancreatic secretion","3/185","106/8859",0.0283018867924528,1.35527791942886,0.537386409010606,0.381831908771463,0.848180671471856,0.76015346587205,"5319/5582/481",3
"Metabolism","Amino acid metabolism","hsa00220","Arginine biosynthesis","1/185","23/8859",0.0434782608695652,2.08202115158637,0.758779882986284,0.384917332836625,0.848180671471856,0.76015346587205,"2875",1
"Organismal Systems","Excretory system","hsa04964","Proximal tubule bicarbonate reclamation","1/185","23/8859",0.0434782608695652,2.08202115158637,0.758779882986284,0.384917332836625,0.848180671471856,0.76015346587205,"481",1
"Human Diseases","Infectious disease: viral","hsa05165","Human papillomavirus infection","8/185","333/8859",0.024024024024024,1.15042610177745,0.408617203254568,0.394133188563449,0.85933133786844,0.770146876466325,"3655/6696/7059/90993/182/1950/8324/131873",8
"Metabolism","Glycan biosynthesis and metabolism","hsa00534","Glycosaminoglycan biosynthesis - heparan sulfate / heparin","1/185","24/8859",0.0416666666666667,1.99527027027027,0.712996451873035,0.397795365139163,0.85933133786844,0.770146876466325,"3340",1
"Organismal Systems","Circulatory system","hsa04261","Adrenergic signaling in cardiomyocytes","4/185","154/8859",0.025974025974026,1.24380484380484,0.445720178423578,0.4019093217604,0.85933133786844,0.770146876466325,"775/90993/815/481",4
"Human Diseases","Infectious disease: parasitic","hsa05145","Toxoplasmosis","3/185","112/8859",0.0267857142857143,1.28267374517375,0.439651859457086,0.415718042550306,0.85933133786844,0.770146876466325,"3655/3304/7099",3
"Environmental Information Processing","Signal transduction","hsa04390","Hippo signaling pathway","4/185","157/8859",0.0254777070063694,1.22003787226717,0.406239095656468,0.416085871329608,0.85933133786844,0.770146876466325,"5054/3397/102800317/8324",4
"Metabolism","Metabolism of cofactors and vitamins","hsa00830","Retinol metabolism","2/185","68/8859",0.0294117647058824,1.40842607313196,0.493733696855362,0.417113147193358,0.85933133786844,0.770146876466325,"220/1558",2
"Metabolism","Lipid metabolism","hsa00592","alpha-Linolenic acid metabolism","1/185","26/8859",0.0384615384615385,1.84178794178794,0.627739204109885,0.42275238192891,0.85933133786844,0.770146876466325,"5319",1
"Organismal Systems","Digestive system","hsa04977","Vitamin digestion and absorption","1/185","26/8859",0.0384615384615385,1.84178794178794,0.627739204109885,0.42275238192891,0.85933133786844,0.770146876466325,"81693",1
"Organismal Systems","Endocrine system","hsa04924","Renin secretion","2/185","69/8859",0.0289855072463768,1.38801410105758,0.472521539168632,0.424357089407933,0.85933133786844,0.770146876466325,"775/2983",2
"Human Diseases","Cancer: overview","hsa05203","Viral carcinogenesis","5/185","205/8859",0.024390243902439,1.16796308503626,0.355325455337342,0.427039891978953,0.85933133786844,0.770146876466325,"8367/8363/4055/90993/8347",5
"Organismal Systems","Endocrine system","hsa04928","Parathyroid hormone synthesis, secretion and action","3/185","115/8859",0.0260869565217391,1.24921269095182,0.39283302712693,0.432446097185931,0.85933133786844,0.770146876466325,"9935/90993/5582",3
"Metabolism","Carbohydrate metabolism","hsa00650","Butanoate metabolism","1/185","27/8859",0.037037037037037,1.77357357357357,0.587892568491542,0.434842363740656,0.85933133786844,0.770146876466325,"116285",1
"Metabolism","Metabolism of cofactors and vitamins","hsa00790","Folate biosynthesis","1/185","27/8859",0.037037037037037,1.77357357357357,0.587892568491542,0.434842363740656,0.85933133786844,0.770146876466325,"8644",1
"Human Diseases","Infectious disease: bacterial","hsa05120","Epithelial cell signaling in Helicobacter pylori infection","2/185","71/8859",0.028169014084507,1.34891511229539,0.431070123205808,0.43870424785757,0.860136674933345,0.770868632787441,"2920/2921",2
"Genetic Information Processing","Chromosome","hsa03082","ATP-dependent chromatin remodeling","3/185","117/8859",0.0256410256410256,1.22785862785863,0.36232391540059,0.443502722905245,0.862751390651608,0.773211984012433,"8337/8338/3013",3
"Environmental Information Processing","Signal transduction","hsa04392","Hippo signaling pathway - multiple species","1/185","29/8859",0.0344827586206897,1.65125815470643,0.512998168705043,0.458271922961412,0.874216227022776,0.783486958904369,"102800317",1
"Organismal Systems","Sensory system","hsa04744","Phototransduction","1/185","29/8859",0.0344827586206897,1.65125815470643,0.512998168705043,0.458271922961412,0.874216227022776,0.783486958904369,"3000",1
"Organismal Systems","Nervous system","hsa04722","Neurotrophin signaling pathway","3/185","120/8859",0.025,1.19716216216216,0.317561115468321,0.459929019036079,0.874216227022776,0.783486958904369,"4145/815/627",3
"Environmental Information Processing","Signal transduction","hsa04071","Sphingolipid signaling pathway","3/185","122/8859",0.0245901639344262,1.17753655294639,0.288357016951698,0.470765741942675,0.880910436126328,0.789486419187408,"2207/5582/55304",3
"Organismal Systems","Endocrine system","hsa04935","Growth hormone synthesis, secretion and action","3/185","122/8859",0.0245901639344262,1.17753655294639,0.288357016951698,0.470765741942675,0.880910436126328,0.789486419187408,"775/90993/5582",3
"Human Diseases","Cancer: specific types","hsa05225","Hepatocellular carcinoma","4/185","170/8859",0.0235294117647059,1.12674085850556,0.243668954520571,0.476482181277154,0.880910436126328,0.789486419187408,"3082/114112/5582/8324",4
"Metabolism","Carbohydrate metabolism","hsa00052","Galactose metabolism","1/185","32/8859",0.03125,1.4964527027027,0.410856628961543,0.491616942163407,0.880910436126328,0.789486419187408,"8972",1
"Human Diseases","Immune disease","hsa05310","Asthma","1/185","32/8859",0.03125,1.4964527027027,0.410856628961543,0.491616942163407,0.880910436126328,0.789486419187408,"2207",1
"Organismal Systems","Immune system","hsa04611","Platelet activation","3/185","126/8859",0.0238095238095238,1.14015444015444,0.231395227110857,0.492141613400073,0.880910436126328,0.789486419187408,"2207/5028/2983",3
"Organismal Systems","Nervous system","hsa04721","Synaptic vesicle cycle","2/185","79/8859",0.0253164556962025,1.21231611358194,0.276817305424708,0.494059712075197,0.880910436126328,0.789486419187408,"6571/1759",2
"Human Diseases","Neurodegenerative disease","hsa05012","Parkinson disease","6/185","271/8859",0.022140221402214,1.06021741298494,0.147029579298513,0.501018935905173,0.880910436126328,0.789486419187408,"1843/5413/815/7280/7846/6571",6
"Human Diseases","Cancer: overview","hsa05208","Chemical carcinogenesis - reactive oxygen species","5/185","226/8859",0.0221238938053097,1.05943554173643,0.13217933661951,0.512074713281832,0.880910436126328,0.789486419187408,"3082/10861/1950/1572/8644",5
"Organismal Systems","Immune system","hsa04623","Cytosolic DNA-sensing pathway","2/185","83/8859",0.0240963855421687,1.15389124063823,0.205706792766159,0.520423674982792,0.880910436126328,0.789486419187408,"653082/29800",2
"Human Diseases","Neurodegenerative disease","hsa05020","Prion disease","6/185","278/8859",0.0215827338129496,1.03352129107525,0.0829312435030867,0.526080167289138,0.880910436126328,0.789486419187408,"775/3304/90993/1536/7280/7846",6
"Metabolism","Global and overview maps","hsa01232","Nucleotide metabolism","2/185","85/8859",0.0235294117647059,1.12674085850556,0.17146334253226,0.533259870072066,0.880910436126328,0.789486419187408,"4833/978",2
"Human Diseases","Cardiovascular disease","hsa05412","Arrhythmogenic right ventricular cardiomyopathy","2/185","86/8859",0.0232558139534884,1.11363922061596,0.154649101349553,0.539589986762118,0.880910436126328,0.789486419187408,"3655/775",2
"Metabolism","Amino acid metabolism","hsa00250","Alanine, aspartate and glutamate metabolism","1/185","37/8859",0.027027027027027,1.29422936449963,0.261907142528694,0.542715785346443,0.880910436126328,0.789486419187408,"2875",1
"Human Diseases","Infectious disease: parasitic","hsa05143","African trypanosomiasis","1/185","37/8859",0.027027027027027,1.29422936449963,0.261907142528694,0.542715785346443,0.880910436126328,0.789486419187408,"5582",1
"Organismal Systems","Immune system","hsa04650","Natural killer cell mediated cytotoxicity","3/185","136/8859",0.0220588235294118,1.05631955484897,0.096658427323276,0.543637885653759,0.880910436126328,0.789486419187408,"7305/2207/5582",3
"Organismal Systems","Circulatory system","hsa04260","Cardiac muscle contraction","2/185","87/8859",0.0229885057471264,1.10083876980429,0.138032656698613,0.54586097918353,0.880910436126328,0.789486419187408,"775/481",2
"Metabolism","Metabolism of cofactors and vitamins","hsa00760","Nicotinate and nicotinamide metabolism","1/185","38/8859",0.0263157894736842,1.2601706970128,0.234711982099519,0.552305173207575,0.880910436126328,0.789486419187408,"4837",1
"Human Diseases","Immune disease","hsa05340","Primary immunodeficiency","1/185","38/8859",0.0263157894736842,1.2601706970128,0.234711982099519,0.552305173207575,0.880910436126328,0.789486419187408,"3543",1
"Human Diseases","Infectious disease: viral","hsa05171","Coronavirus disease - COVID-19","5/185","238/8859",0.0210084033613445,1.00601862366568,0.0137451928562823,0.558359865499836,0.880910436126328,0.789486419187408,"1440/7099/1536/5582/1675",5
"Organismal Systems","Immune system","hsa04621","NOD-like receptor signaling pathway","4/185","189/8859",0.0211640211640212,1.01347061347061,0.0273371176080019,0.560052885907669,0.880910436126328,0.789486419187408,"2920/7099/1536/2921",4
"Metabolism","Metabolism of cofactors and vitamins","hsa00670","One carbon pool by folate","1/185","39/8859",0.0256410256410256,1.22785862785863,0.208260775860752,0.561694533025805,0.880910436126328,0.789486419187408,"10840",1
"Environmental Information Processing","Signal transduction","hsa04371","Apelin signaling pathway","3/185","140/8859",0.0214285714285714,1.026138996139,0.0455264279944602,0.56338221425653,0.880910436126328,0.789486419187408,"5054/6696/182",3
"Human Diseases","Cancer: overview","hsa05235","PD-L1 expression and PD-1 checkpoint pathway in cancer","2/185","90/8859",0.0222222222222222,1.06414414414414,0.0893196942564005,0.564316371937576,0.880910436126328,0.789486419187408,"7099/1950",2
"Human Diseases","Substance dependence","hsa05032","Morphine addiction","2/185","91/8859",0.021978021978022,1.05245025245025,0.073444960520029,0.57034821345492,0.880910436126328,0.789486419187408,"3763/5582",2
"Metabolism","Carbohydrate metabolism","hsa00500","Starch and sucrose metabolism","1/185","40/8859",0.025,1.19716216216216,0.182510514672846,0.570888015042837,0.880910436126328,0.789486419187408,"8972",1
"Human Diseases","Neurodegenerative disease","hsa05010","Alzheimer disease","8/185","391/8859",0.020460358056266,0.979774659570056,-0.0597362268570636,0.575099801590537,0.880910436126328,0.789486419187408,"89832/775/102800317/1536/7280/8324/7846/1139",8
"Human Diseases","Cancer: specific types","hsa05219","Bladder cancer","1/185","41/8859",0.024390243902439,1.16796308503626,0.157421743214756,0.57988968385076,0.880910436126328,0.789486419187408,"1950",1
"Cellular Processes","Cellular community - eukaryotes","hsa04520","Adherens junction","2/185","93/8859",0.021505376344086,1.02981691368788,0.0422131171039814,0.582230957370522,0.880910436126328,0.789486419187408,"5819/6615",2
"Organismal Systems","Endocrine system","hsa04912","GnRH signaling pathway","2/185","93/8859",0.021505376344086,1.02981691368788,0.0422131171039814,0.582230957370522,0.880910436126328,0.789486419187408,"775/815",2
"Human Diseases","Cancer: specific types","hsa05222","Small cell lung cancer","2/185","93/8859",0.021505376344086,1.02981691368788,0.0422131171039814,0.582230957370522,0.880910436126328,0.789486419187408,"3655/2272",2
"Cellular Processes","Cellular community - eukaryotes","hsa04550","Signaling pathways regulating pluripotency of stem cells","3/185","144/8859",0.0208333333333333,0.997635135135135,-0.00417828319852785,0.582604160545756,0.880910436126328,0.789486419187408,"3397/9314/8324",3
"Human Diseases","Endocrine and metabolic disease","hsa04936","Alcoholic liver disease","3/185","144/8859",0.0208333333333333,0.997635135135135,-0.00417828319852785,0.582604160545756,0.880910436126328,0.789486419187408,"2920/7099/2921",3
"Cellular Processes","Cell growth and death","hsa04216","Ferroptosis","1/185","42/8859",0.0238095238095238,1.14015444015444,0.132958185324778,0.588703520150104,0.880910436126328,0.789486419187408,"1536",1
"Organismal Systems","Digestive system","hsa04975","Fat digestion and absorption","1/185","43/8859",0.0232558139534884,1.11363922061596,0.109086416858846,0.597333422472008,0.880910436126328,0.789486419187408,"5319",1
"Organismal Systems","Excretory system","hsa04962","Vasopressin-regulated water reabsorption","1/185","44/8859",0.0227272727272727,1.08832923832924,0.0857755790765543,0.605783208865234,0.880910436126328,0.789486419187408,"90993",1
"Organismal Systems","Nervous system","hsa04723","Retrograde endocannabinoid signaling","3/185","149/8859",0.0201342281879195,0.964157446036641,-0.0644357663041345,0.605871424280624,0.880910436126328,0.789486419187408,"3763/775/5582",3
"Environmental Information Processing","Signal transduction","hsa04070","Phosphatidylinositol signaling system","2/185","98/8859",0.0204081632653061,0.977275234418091,-0.0330354025235578,0.610878583109451,0.880910436126328,0.789486419187408,"5582/4952",2
"Organismal Systems","Immune system","hsa04666","Fc gamma R-mediated phagocytosis","2/185","99/8859",0.0202020202020202,0.967403767403768,-0.0476296012449387,0.61642639816733,0.880910436126328,0.789486419187408,"5582/2209",2
"Organismal Systems","Sensory system","hsa04750","Inflammatory mediator regulation of TRP channels","2/185","99/8859",0.0202020202020202,0.967403767403768,-0.0476296012449387,0.61642639816733,0.880910436126328,0.789486419187408,"815/5582",2
"Human Diseases","Cardiovascular disease","hsa05410","Hypertrophic cardiomyopathy","2/185","99/8859",0.0202020202020202,0.967403767403768,-0.0476296012449387,0.61642639816733,0.880910436126328,0.789486419187408,"3655/775",2
"Human Diseases","Infectious disease: bacterial","hsa05130","Pathogenic Escherichia coli infection","4/185","203/8859",0.0197044334975369,0.943576088403675,-0.118767216646383,0.616822028287765,0.880910436126328,0.789486419187408,"283446/7099/7280/7846",4
"Metabolism","Global and overview maps","hsa01240","Biosynthesis of cofactors","3/185","153/8859",0.0196078431372549,0.938950715421304,-0.111239993852076,0.623861550419352,0.880910436126328,0.789486419187408,"4833/23498/8942",3
"Human Diseases","Endocrine and metabolic disease","hsa04933","AGE-RAGE signaling pathway in diabetic complications","2/185","101/8859",0.0198019801980198,0.948247257158148,-0.0763898367001727,0.6273407151875,0.880910436126328,0.789486419187408,"5054/1536",2
"Human Diseases","Endocrine and metabolic disease","hsa04930","Type II diabetes mellitus","1/185","47/8859",0.0212765957446809,1.0188614146061,0.0189334579611975,0.630088880192925,0.880910436126328,0.789486419187408,"775",1
"Metabolism","Lipid metabolism","hsa00564","Glycerophospholipid metabolism","2/185","103/8859",0.0194174757281553,0.92983468905799,-0.104600120135451,0.638014006457379,0.880910436126328,0.789486419187408,"54947/5319",2
"Human Diseases","Infectious disease: parasitic","hsa05142","Chagas disease","2/185","103/8859",0.0194174757281553,0.92983468905799,-0.104600120135451,0.638014006457379,0.880910436126328,0.789486419187408,"5054/7099",2
"Cellular Processes","Transport and catabolism","hsa04148","Efferocytosis","3/185","157/8859",0.0191082802547771,0.915028404200379,-0.156876558923511,0.641287452467956,0.880910436126328,0.789486419187408,"575/815/338382",3
"Environmental Information Processing","Signal transduction","hsa04150","mTOR signaling pathway","3/185","158/8859",0.0189873417721519,0.909237085186452,-0.16811109890221,0.645555030862167,0.880910436126328,0.789486419187408,"5582/8324/64798",3
"Cellular Processes","Transport and catabolism","hsa04137","Mitophagy - animal","2/185","105/8859",0.019047619047619,0.912123552123552,-0.132284166517026,0.648447439974049,0.880910436126328,0.789486419187408,"4286/338382",2
"Organismal Systems","Immune system","hsa04625","C-type lectin receptor signaling pathway","2/185","105/8859",0.019047619047619,0.912123552123552,-0.132284166517026,0.648447439974049,0.880910436126328,0.789486419187408,"2207/64581",2
"Human Diseases","Cardiovascular disease","hsa05414","Dilated cardiomyopathy","2/185","105/8859",0.019047619047619,0.912123552123552,-0.132284166517026,0.648447439974049,0.880910436126328,0.789486419187408,"3655/775",2
"Metabolism","Amino acid metabolism","hsa00330","Arginine and proline metabolism","1/185","50/8859",0.02,0.95772972972973,-0.0437724358682985,0.652903572112338,0.880910436126328,0.789486419187408,"26",1
"Human Diseases","Infectious disease: viral","hsa05170","Human immunodeficiency virus 1 infection","4/185","213/8859",0.0187793427230047,0.899276741530263,-0.21729810874617,0.654491689491448,0.880910436126328,0.789486419187408,"56924/106821730/7099/5582",4
"Organismal Systems","Endocrine system","hsa04922","Glucagon signaling pathway","2/185","107/8859",0.0186915887850467,0.895074513766102,-0.159464207204579,0.658642497828409,0.881731085802548,0.790221898922596,"90993/815",2
"Human Diseases","Infectious disease: viral","hsa05161","Hepatitis B","3/185","163/8859",0.0184049079754601,0.881346377051899,-0.223284735042793,0.666356617563243,0.885540617995474,0.793636064320611,"90993/7099/5582",3
"Organismal Systems","Immune system","hsa04620","Toll-like receptor signaling pathway","2/185","109/8859",0.018348623853211,0.878651128192413,-0.186161109543923,0.668600948526704,0.885540617995474,0.793636064320611,"6696/7099",2
"Cellular Processes","Cellular community - eukaryotes","hsa04530","Tight junction","3/185","170/8859",0.0176470588235294,0.845055643879173,-0.297892326989147,0.693974470004828,0.914283825561917,0.819396199615837,"79778/7846/84952",3
"Organismal Systems","Immune system","hsa04670","Leukocyte transendothelial migration","2/185","116/8859",0.0172413793103448,0.825629077353215,-0.276068473731531,0.701623607551735,0.919277241831243,0.823871381391772,"1536/5582",2
"Metabolism","Metabolism of other amino acids","hsa00480","Glutathione metabolism","1/185","59/8859",0.0169491525423729,0.811635364177737,-0.211996178989667,0.713284424204193,0.919277241831243,0.823871381391772,"2687",1
"Human Diseases","Cancer: specific types","hsa05213","Endometrial cancer","1/185","59/8859",0.0169491525423729,0.811635364177737,-0.211996178989667,0.713284424204193,0.919277241831243,0.823871381391772,"1950",1
"Environmental Information Processing","Signal transduction","hsa04370","VEGF signaling pathway","1/185","60/8859",0.0166666666666667,0.798108108108108,-0.229151042497119,0.719311967558991,0.919277241831243,0.823871381391772,"5582",1
"Organismal Systems","Digestive system","hsa04978","Mineral absorption","1/185","61/8859",0.0163934426229508,0.785024368630926,-0.246040253079268,0.725213466138555,0.919277241831243,0.823871381391772,"481",1
"Organismal Systems","Immune system","hsa04660","T cell receptor signaling pathway","2/185","122/8859",0.0163934426229508,0.785024368630926,-0.349166021025615,0.727724255804629,0.919277241831243,0.823871381391772,"56924/106821730",2
"Organismal Systems","Endocrine system","hsa04919","Thyroid hormone signaling pathway","2/185","122/8859",0.0163934426229508,0.785024368630926,-0.349166021025615,0.727724255804629,0.919277241831243,0.823871381391772,"5582/481",2
"Metabolism","Lipid metabolism","hsa00140","Steroid hormone biosynthesis","1/185","62/8859",0.0161290322580645,0.772362685265911,-0.262673339758006,0.730991541697133,0.919277241831243,0.823871381391772,"8644",1
"Organismal Systems","Aging","hsa04213","Longevity regulating pathway - multiple species","1/185","62/8859",0.0161290322580645,0.772362685265911,-0.262673339758006,0.730991541697133,0.919277241831243,0.823871381391772,"3304",1
"Organismal Systems","Sensory system","hsa04740","Olfactory transduction","8/185","453/8859",0.0176600441501104,0.845677465545015,-0.492411002834308,0.736633038267781,0.92171671622451,0.826057678459506,"128368/343171/284521/26496/815/391191/3000/391192",8
"Human Diseases","Immune disease","hsa05321","Inflammatory bowel disease","1/185","66/8859",0.0151515151515152,0.725552825552826,-0.326818165857922,0.752920173646455,0.937385616189836,0.840100404279202,"7099",1
"Organismal Systems","Immune system","hsa04664","Fc epsilon RI signaling pathway","1/185","69/8859",0.0144927536231884,0.69400705052879,-0.372636610537589,0.768191339265578,0.940843840275808,0.843199721574599,"2207",1
"Organismal Systems","Immune system","hsa04062","Chemokine signaling pathway","3/185","193/8859",0.0155440414507772,0.744349530878028,-0.524396638888315,0.772601557444097,0.940843840275808,0.843199721574599,"2268/2920/2921",3
"Human Diseases","Infectious disease: bacterial","hsa05132","Salmonella infection","4/185","251/8859",0.0159362549800797,0.763131258748789,-0.555952230547078,0.774325588747556,0.940843840275808,0.843199721574599,"7099/7280/7846/338382",4
"Human Diseases","Cancer: overview","hsa05204","Chemical carcinogenesis - DNA adducts","1/185","71/8859",0.0140845070422535,0.674457556147697,-0.402194162519754,0.777846789114795,0.940843840275808,0.843199721574599,"1558",1
"Human Diseases","Cancer: overview","hsa05230","Central carbon metabolism in cancer","1/185","71/8859",0.0140845070422535,0.674457556147697,-0.402194162519754,0.777846789114795,0.940843840275808,0.843199721574599,"3815",1
"Cellular Processes","Cell growth and death","hsa04210","Apoptosis","2/185","136/8859",0.0147058823529412,0.704213036565978,-0.507644330373902,0.781207207936149,0.940843840275808,0.843199721574599,"7846/8739",2
"Metabolism","Carbohydrate metabolism","hsa00562","Inositol phosphate metabolism","1/185","73/8859",0.0136986301369863,0.655979266938171,-0.431017040728457,0.78710214729355,0.940843840275808,0.843199721574599,"4952",1
"Metabolism","Xenobiotics biodegradation and metabolism","hsa00982","Drug metabolism - cytochrome P450","1/185","73/8859",0.0136986301369863,0.655979266938171,-0.431017040728457,0.78710214729355,0.940843840275808,0.843199721574599,"1558",1
"Human Diseases","Infectious disease: viral","hsa05162","Measles","2/185","139/8859",0.0143884892086331,0.689014194050165,-0.53967676219339,0.791402328252801,0.940843840275808,0.843199721574599,"3304/7099",2
"Metabolism","Global and overview maps","hsa01230","Biosynthesis of amino acids","1/185","75/8859",0.0133333333333333,0.638486486486487,-0.459148317722159,0.795973905973423,0.940843840275808,0.843199721574599,"2875",1
"Human Diseases","Cancer: specific types","hsa05212","Pancreatic cancer","1/185","77/8859",0.012987012987013,0.621902421902422,-0.486627373490097,0.804477881064638,0.940843840275808,0.843199721574599,"1950",1
"Human Diseases","Cardiovascular disease","hsa05415","Diabetic cardiomyopathy","3/185","205/8859",0.0146341463414634,0.700777851021753,-0.633003652616665,0.80663898129138,0.940843840275808,0.843199721574599,"1536/815/5582",3
"Human Diseases","Infectious disease: bacterial","hsa05100","Bacterial invasion of epithelial cells","1/185","78/8859",0.0128205128205128,0.613929313929314,-0.500133716407251,0.808596714132623,0.940843840275808,0.843199721574599,"1759",1
"Human Diseases","Infectious disease: bacterial","hsa05133","Pertussis","1/185","78/8859",0.0128205128205128,0.613929313929314,-0.500133716407251,0.808596714132623,0.940843840275808,0.843199721574599,"7099",1
"Metabolism","Xenobiotics biodegradation and metabolism","hsa00980","Metabolism of xenobiotics by cytochrome P450","1/185","79/8859",0.0126582278481013,0.606158056790968,-0.51349030294058,0.812629239800025,0.941138049814913,0.84346339700174,"1572",1
"Organismal Systems","Immune system","hsa04612","Antigen processing and presentation","1/185","81/8859",0.0123456790123457,0.591191191191191,-0.539770269085732,0.820442527199823,0.945787913299796,0.847630681122624,"3304",1
"Genetic Information Processing","Chromosome","hsa03083","Polycomb repressive complex","1/185","83/8859",0.0120481927710843,0.576945620319114,-0.565497810329652,0.827931691462486,0.950023000802576,0.85142623618747,"1911",1
"Human Diseases","Cancer: specific types","hsa05210","Colorectal cancer","1/185","87/8859",0.0114942528735632,0.550419384902144,-0.615406225428937,0.841990604433341,0.961723213320651,0.861912159052961,"1950",1
"Organismal Systems","Aging","hsa04211","Longevity regulating pathway","1/185","90/8859",0.0111111111111111,0.532072072072072,-0.651582151640089,0.851779514685322,0.963220478537176,0.863254032762128,"90993",1
"Organismal Systems","Digestive system","hsa04976","Bile secretion","1/185","90/8859",0.0111111111111111,0.532072072072072,-0.651582151640089,0.851779514685322,0.963220478537176,0.863254032762128,"481",1
"Organismal Systems","Immune system","hsa04662","B cell receptor signaling pathway","1/185","91/8859",0.010989010989011,0.526225126225126,-0.663416766826446,0.854906529143437,0.963220478537176,0.863254032762128,"10990",1
"Organismal Systems","Immune system","hsa04658","Th1 and Th2 cell differentiation","1/185","93/8859",0.010752688172043,0.514908456843941,-0.686765449025007,0.860965062867097,0.965677029972554,0.86545563455583,"182",1
"Cellular Processes","Transport and catabolism","hsa04140","Autophagy - animal","2/185","169/8859",0.0118343195266272,0.566703982088597,-0.830543062892725,0.872393650352594,0.974107708241237,0.87301134706042,"338382/64798",2
"Human Diseases","Drug resistance: antineoplastic","hsa01522","Endocrine resistance","1/185","99/8859",0.0101010101010101,0.483701883701884,-0.754414588563048,0.877671815502697,0.974637888956931,0.873486503736501,"182",1
"Human Diseases","Infectious disease: viral","hsa05164","Influenza A","2/185","173/8859",0.0115606936416185,0.553600999843774,-0.86592513406651,0.880696887611684,0.974637888956931,0.873486503736501,"7099/7177",2
"Human Diseases","Neurodegenerative disease","hsa05016","Huntington disease","4/185","311/8859",0.0128617363344051,0.615903363170244,-1.00700687488547,0.894525815763032,0.984199885499441,0.882056122282315,"90993/7280/7846/627",4
"Environmental Information Processing","Signal transduction","hsa04350","TGF-beta signaling pathway","1/185","108/8859",0.00925925925925926,0.443393393393393,-0.849914788364119,0.89906118480238,0.984199885499441,0.882056122282315,"3397",1
"Human Diseases","Endocrine and metabolic disease","hsa04931","Insulin resistance","1/185","109/8859",0.0091743119266055,0.439325564096206,-0.860129752555616,0.901195075879007,0.984199885499441,0.882056122282315,"90993",1
"Metabolism","Global and overview maps","hsa01200","Carbon metabolism","1/185","116/8859",0.00862068965517241,0.412814538676608,-0.929646936796104,0.914927094741174,0.985158655278499,0.882915387525013,"2875",1
"Human Diseases","Infectious disease: viral","hsa05167","Kaposi sarcoma-associated herpesvirus infection","2/185","196/8859",0.0102040816326531,0.488637617209046,-1.05722311208597,0.919524615749354,0.985158655278499,0.882915387525013,"2920/2921",2
"Environmental Information Processing","Signal transduction","hsa04152","AMPK signaling pathway","1/185","122/8859",0.00819672131147541,0.392512184315463,-0.986689059002928,0.925175129643575,0.985158655278499,0.882915387525013,"90993",1
"Organismal Systems","Endocrine system","hsa04926","Relaxin signaling pathway","1/185","130/8859",0.00769230769230769,0.368357588357588,-1.05950913546237,0.936953831352979,0.985158655278499,0.882915387525013,"90993",1
"Organismal Systems","Endocrine system","hsa04910","Insulin signaling pathway","1/185","138/8859",0.0072463768115942,0.347003525264395,-1.1290449431027,0.946886797602776,0.985158655278499,0.882915387525013,"5577",1
"Human Diseases","Infectious disease: bacterial","hsa05135","Yersinia infection","1/185","138/8859",0.0072463768115942,0.347003525264395,-1.1290449431027,0.946886797602776,0.985158655278499,0.882915387525013,"7099",1
"Cellular Processes","Cell growth and death","hsa04114","Oocyte meiosis","1/185","139/8859",0.00719424460431655,0.344507097025083,-1.13752551000773,0.948013496656037,0.985158655278499,0.882915387525013,"815",1
"Human Diseases","Cardiovascular disease","hsa05418","Fluid shear stress and atherosclerosis","1/185","141/8859",0.00709219858156028,0.339620471535365,-1.154353220952,0.950196070603591,0.985158655278499,0.882915387525013,"1843",1
"Human Diseases","Infectious disease: viral","hsa05166","Human T-cell leukemia virus 1 infection","2/185","224/8859",0.00892857142857143,0.427557915057915,-1.26726776000685,0.950849960483361,0.985158655278499,0.882915387525013,"4055/90993",2
"Human Diseases","Infectious disease: viral","hsa05163","Human cytomegalovirus infection","2/185","226/8859",0.00884955752212389,0.423774216694571,-1.28147467921016,0.952575153913676,0.985158655278499,0.882915387525013,"90993/5582",2
"Human Diseases","Neurodegenerative disease","hsa05017","Spinocerebellar ataxia","1/185","144/8859",0.00694444444444444,0.332545045045045,-1.17927069131783,0.95330020104552,0.985158655278499,0.882915387525013,"5582",1
"Organismal Systems","Environmental adaptation","hsa04714","Thermogenesis","2/185","235/8859",0.00851063829787234,0.407544565842438,-1.34424750098733,0.959650551624402,0.985158655278499,0.882915387525013,"90993/9658",2
"Human Diseases","Cancer: overview","hsa05206","MicroRNAs in cancer","3/185","312/8859",0.00961538461538462,0.460446985446985,-1.41693054202002,0.961368160903371,0.985158655278499,0.882915387525013,"131405/5582/1942",3
"Cellular Processes","Cell growth and death","hsa04218","Cellular senescence","1/185","157/8859",0.00636942675159236,0.305009468066793,-1.28310786808347,0.964674204993363,0.985158655278499,0.882915387525013,"5054",1
"Human Diseases","Endocrine and metabolic disease","hsa04932","Non-alcoholic fatty liver disease","1/185","157/8859",0.00636942675159236,0.305009468066793,-1.28310786808347,0.964674204993363,0.985158655278499,0.882915387525013,"1050",1
"Human Diseases","Infectious disease: viral","hsa05160","Hepatitis C","1/185","159/8859",0.00628930817610063,0.301172870984192,-1.29853208641551,0.9661603395359,0.985158655278499,0.882915387525013,"1950",1
"Cellular Processes","Transport and catabolism","hsa04144","Endocytosis","2/185","252/8859",0.00793650793650794,0.38005148005148,-1.45805527921685,0.970360544860392,0.985158655278499,0.882915387525013,"3304/1759",2
"Genetic Information Processing","Folding, sorting and degradation","hsa04141","Protein processing in endoplasmic reticulum","1/185","170/8859",0.00588235294117647,0.281685214626391,-1.38101489000858,0.973289273889601,0.985158655278499,0.882915387525013,"3304",1
"Human Diseases","Neurodegenerative disease","hsa05014","Amyotrophic lateral sclerosis","3/185","371/8859",0.00808625336927224,0.387222262693961,-1.7608860027992,0.985521136849964,0.993501065083567,0.890391992380961,"7280/7846/145957",3
"Genetic Information Processing","Transcription","hsa03040","Spliceosome","1/185","217/8859",0.00460829493087558,0.220675052933117,-1.69740433865646,0.990312351308984,0.99430554627394,0.891112981653245,"3304",1
"Human Diseases","Infectious disease: bacterial","hsa05131","Shigellosis","1/185","250/8859",0.004,0.191545945945946,-1.89362067587596,0.995262985353065,0.995262985353065,0.891971054300781,"7099",1
